{
  "word-diversity": [
    -1.211111111,
    -3.798611111
  ],
  "rule-following": [
    0.333333333,
    0.133333333
  ],
  "emotion": [
    0.644444444,
    0.281944444
  ],
  "commonsense_triple": [
    5.544444444,
    1.831944444
  ],
  "commonsenseqa": [
    59.25555556,
    20.93055556
  ],
  "textbookqa": [
    4.488888889,
    2.713888889
  ],
  "story": [
    103.7,
    32.0375
  ],
  "instruction": [
    7.944444444,
    1.544444444
  ],
  "icl": [
    33.58148148,
    17.74606482
  ],
  "cot": [
    100.0,
    60.9375
  ],
  "fallacy_attack": [
    6.42777777777778,
    2.69652777777778
  ],
  "contradiction": [
    -0.105555556,
    -0.218055556
  ],
  "coreference": [
    75.33333333,
    49.26458333
  ],
  "anomaly_detection": [
    65.57222222,
    54.27847222
  ]
}